[
    {
        "asset-name": "cmsis",
        "locked-commit": "release-v5.8.2"
    },
    {
        "asset-name": "core-lib",
        "locked-commit": "release-v1.6.0"
    },
    {
        "asset-name": "core-make",
        "locked-commit": "release-v3.7.0"
    },
    {
        "asset-name": "device-db",
        "locked-commit": "release-v4.33.0"
    },
    {
        "asset-name": "mtb-hal-psc3",
        "locked-commit": "release-v1.1.1"
    },
    {
        "asset-name": "mtb-pdl-cat1",
        "locked-commit": "release-v3.18.0"
    },
    {
        "asset-name": "recipe-make-cat1b",
        "locked-commit": "release-v2.8.1"
    },
    {
        "asset-name": "syspm-callbacks-psc3",
        "locked-commit": "release-v1.0.0"
    }
]
